periodo,valor,municipio,fuente,nivel
2000,6.4,Villa Hidalgo,grado_promedio_escolaridad,nacional
1994/01,55.274277452362,,estatal_itaee,estatal
2000,9236.0,Pitiquito,poblacion_total,nacional
2005,312.0,San Felipe de Jesus,poblacion_total,nacional
2005,6.6,Opodepe,grado_promedio_escolaridad,nacional
2020,10.0092935274282,Magdalena,grado_promedio_escolaridad,nacional
2015,7.9142982,San Miguel de Horcasitas,viviendas_con_internet,nacional
2000,5.0,San Miguel de Horcasitas,grado_promedio_escolaridad,nacional
1981/04,44.739607328707,,estatal_itaee,estatal
2010,7.27,Arivechi,grado_promedio_escolaridad,nacional
2005,273.0,Suaqui Grande,poblacion_asiste_escuela,nacional
2005,19545.0,Agua Prieta,poblacion_asiste_escuela,nacional
1982/03,43.480627825953,,estatal_itaee,estatal
2020,96.3855421686747,Bacerac,porcentaje_alfabetas,nacional
2007/03,76.66422732557,,estatal_itaee,estatal
2023/03,1463755.0,,estatal_pea,estatal
2006/04,78.408515108049,,estatal_itaee,estatal
2020,36.5384615384615,San Javier,viviendas_con_internet,nacional
2005,242.0,San Javier,poblacion_total,nacional
2020,95.8774373259053,Carbo,porcentaje_alfabetas,nacional
1995,,Soyopa,grado_promedio_escolaridad,nacional
1995,1695.0,Rayon,poblacion_total,nacional
2000,402.0,Granados,poblacion_asiste_escuela,nacional
2015,720.0,La Colorada,total_viviendas_habitadas,nacional
2015,31.408496,Empalme,viviendas_con_internet,nacional
1999,5.231577567942374,,nacional_gasto_educacion_pib,nacional
2006/04,185352.0,,estatal_sector_informal,estatal
2015,329.0,Granados,total_viviendas_habitadas,nacional
2005,730.0,Opodepe,total_viviendas_habitadas,nacional
2005,375.0,Arivechi,total_viviendas_habitadas,nacional
2005,525.0,Saric,poblacion_asiste_escuela,nacional
2010,15652.0,General Plutarco Elias Calles,poblacion_total,nacional
2005,157076.0,San Luis Rio Colorado,poblacion_total,nacional
2017/01,100.010324681278,,estatal_itaee,estatal
2015,97.5519986304887,Santa Ana,porcentaje_alfabetas,nacional
2000,6.4,Sahuaripa,grado_promedio_escolaridad,nacional
2000,94.7486871717929,Baviacora,porcentaje_alfabetas,nacional
2005,7.4,Aconchi,grado_promedio_escolaridad,nacional
2015,98.1798424341211,Moctezuma,porcentaje_alfabetas,nacional
2012/03,1233476.0,,estatal_pea,estatal
2000,95.3144136154398,San Luis Rio Colorado,porcentaje_alfabetas,nacional
2018/01,1355955.0,,estatal_pea,estatal
2019/03,1420653.0,,estatal_pea,estatal
2020,759.0,Bacanora,poblacion_total,nacional
2013/04,120015.0,,estatal_ingresos_hasta_1_salmin,estatal
2015,2.5210084,Bacadehuachi,viviendas_con_internet,nacional
2020/04,69017.0,,estatal_poblacion_desocupada,estatal
2015,94.529262086514,Bacadehuachi,porcentaje_alfabetas,nacional
2010,8.18,Banamichi,grado_promedio_escolaridad,nacional
2005,6.1,San Pedro de la Cueva,grado_promedio_escolaridad,nacional
2010,97.35,Granados,porcentaje_alfabetas,nacional
2020,9492.0,Altar,poblacion_total,nacional
2005,352.0,Huachinera,total_viviendas_habitadas,nacional
2010,8.29,Benjamin Hill,grado_promedio_escolaridad,nacional
2020,7.23483195111305,Quiriego,grado_promedio_escolaridad,nacional
1995,,Arizpe,grado_promedio_escolaridad,nacional
2000,1175.0,Suaqui Grande,poblacion_total,nacional
2010,9.19,Guaymas,grado_promedio_escolaridad,nacional
2015,9.4302554,Rayon,viviendas_con_internet,nacional
2005,2407.0,Pitiquito,total_viviendas_habitadas,nacional
2015,97.1502908617854,Empalme,porcentaje_alfabetas,nacional
2005,1754.0,La Colorada,poblacion_total,nacional
2014/01,68307.0,,estatal_poblacion_desocupada,estatal
2010,430.0,Soyopa,total_viviendas_habitadas,nacional
2014/01,90.097567187427,,estatal_itaee,estatal
2011/01,78.223876119862,,estatal_itaee,estatal
2021/01,252177.0,,estatal_sector_informal,estatal
2015,8.0178117,Santa Cruz,grado_promedio_escolaridad,nacional
1981/02,43.795032595115,,estatal_itaee,estatal
2000,5443.0,Bacum,poblacion_asiste_escuela,nacional
2020,77682.0,Huatabampo,poblacion_total,nacional
1995,14501.0,Caborca,total_viviendas_habitadas,nacional
1995,,Nacori Chico,poblacion_asiste_escuela,nacional
2020,2130.0,Pitiquito,poblacion_asiste_escuela,nacional
2000,96.3880288957688,Fronteras,porcentaje_alfabetas,nacional
2007/01,25666.0,,estatal_poblacion_desocupada,estatal
2015,95.0966850828729,Nacori Chico,porcentaje_alfabetas,nacional
1995,29169.0,Navojoa,total_viviendas_habitadas,nacional
2020,47102.0,Guaymas,total_viviendas_habitadas,nacional
2020,95.9156949554156,Benito Juarez,porcentaje_alfabetas,nacional
2005,7.6,San Felipe de Jesus,grado_promedio_escolaridad,nacional
2000,13145.0,Empalme,poblacion_asiste_escuela,nacional
2020,4946.0,Carbo,poblacion_total,nacional
2020,943.0,Huepac,poblacion_total,nacional
2009/01,74120.0,,estatal_ingresos_hasta_1_salmin,estatal
2020,70.1587301587302,Saric,viviendas_con_automovil,nacional
2020,9.07352941176471,Ures,grado_promedio_escolaridad,nacional
2010,8.8,Agua Prieta,grado_promedio_escolaridad,nacional
2000,7.1,Atil,grado_promedio_escolaridad,nacional
2010,404.0,Tubutama,poblacion_asiste_escuela,nacional
2020,98.2246236974141,Nacozari de Garcia,porcentaje_alfabetas,nacional
2020,43.9068100358423,San Ignacio Rio Muerto,viviendas_con_automovil,nacional
2020,68.672832295145,Hermosillo,viviendas_con_automovil,nacional
2020,65.9685863874346,Atil,viviendas_con_automovil,nacional
2020,10.4031969176912,Total Sonora,grado_promedio_escolaridad,nacional
2015,7.2885654,Alamos,grado_promedio_escolaridad,nacional
1995,5962.0,Rosario,poblacion_total,nacional
2000,4908.0,Bacum,total_viviendas_habitadas,nacional
2020,2788.0,Arizpe,poblacion_total,nacional
2020/03,229348.0,,estatal_sector_informal,estatal
2020,933.0,Quiriego,total_viviendas_habitadas,nacional
2008/04,1062795.0,,estatal_pea,estatal
2000,39697.0,Navojoa,poblacion_asiste_escuela,nacional
1995,,Huasabas,poblacion_asiste_escuela,nacional
2010,425.0,Bacerac,poblacion_asiste_escuela,nacional
2000,153.0,Cucurpe,poblacion_asiste_escuela,nacional
2020,8.77755205688167,Aconchi,grado_promedio_escolaridad,nacional
2005,614595.0,Total Sonora,total_viviendas_habitadas,nacional
1960,783378.0,Total Sonora,poblacion_total,nacional
2010,95.82,San Javier,porcentaje_alfabetas,nacional
2000,5.9,Rayon,grado_promedio_escolaridad,nacional
2019/04,54512.0,,estatal_poblacion_desocupada,estatal
2020,1169.0,Bavispe,poblacion_total,nacional
2010/01,253766.0,,estatal_sector_informal,estatal
1995,332.0,Huachinera,total_viviendas_habitadas,nacional
2000,381.0,Arivechi,total_viviendas_habitadas,nacional
2020,537.0,San Javier,poblacion_total,nacional
1995,,Cucurpe,poblacion_asiste_escuela,nacional
2010,95.82,Huachinera,porcentaje_alfabetas,nacional
2015,49.472296,Moctezuma,viviendas_con_internet,nacional
2009/02,70462.0,,estatal_ingresos_hasta_1_salmin,estatal
2005,6133.0,Benito Juarez,poblacion_asiste_escuela,nacional
2010,95.47,General Plutarco Elias Calles,porcentaje_alfabetas,nacional
2010,8491.0,Magdalena,poblacion_asiste_escuela,nacional
2020,2448.0,Fronteras,poblacion_asiste_escuela,nacional
1995,,Divisaderos,grado_promedio_escolaridad,nacional
2000,5.5,Tubutama,grado_promedio_escolaridad,nacional
2000,7.5,Cumpas,grado_promedio_escolaridad,nacional
2010,315.0,Arivechi,poblacion_asiste_escuela,nacional
2010,22009.0,Benito Juarez,poblacion_total,nacional
2010,1731.0,Trincheras,poblacion_total,nacional
2000,665.0,Opodepe,poblacion_asiste_escuela,nacional
2015,6.8384615,Bacadehuachi,grado_promedio_escolaridad,nacional
2020,369.0,San Felipe de Jesus,poblacion_total,nacional
1995,,Naco,grado_promedio_escolaridad,nacional
2020,97.7650581444623,Total Sonora,porcentaje_alfabetas,nacional
1995,,La Colorada,grado_promedio_escolaridad,nacional
2016/02,121947.0,,estatal_ingresos_hasta_1_salmin,estatal
2000,1366.0,Bacerac,poblacion_total,nacional
2014/02,91.735827496576,,estatal_itaee,estatal
2000,1512.0,Benjamin Hill,poblacion_asiste_escuela,nacional
2000,6.8,Santa Cruz,grado_promedio_escolaridad,nacional
2005,371.0,Tepache,total_viviendas_habitadas,nacional
2000,1484.0,Arivechi,poblacion_total,nacional
2000,645.0,La Colorada,total_viviendas_habitadas,nacional
2022/02,404724.0,,estatal_ingresos_hasta_1_salmin,estatal
2000,7.1,Mazatan,grado_promedio_escolaridad,nacional
2000,59.0,San Javier,poblacion_asiste_escuela,nacional
1995,11256.0,Empalme,total_viviendas_habitadas,nacional
2020,57.2632944228275,Benjamin Hill,viviendas_con_automovil,nacional
2015,2472.0,Altar,total_viviendas_habitadas,nacional
2015,4536.0,General Plutarco Elias Calles,total_viviendas_habitadas,nacional
2016/03,261839.0,,estatal_sector_informal,estatal
2020,68.6234817813765,Villa Hidalgo,viviendas_con_automovil,nacional
2010,1051.0,Baviacora,total_viviendas_habitadas,nacional
2005,271.0,Granados,total_viviendas_habitadas,nacional
2000,303.0,Bavispe,poblacion_asiste_escuela,nacional
2015/01,1311182.0,,estatal_pea,estatal
1995,,Mazatan,poblacion_asiste_escuela,nacional
2020,64.8870636550308,Tubutama,viviendas_con_automovil,nacional
1995,306.0,San Javier,poblacion_total,nacional
2010,79313.0,Huatabampo,poblacion_total,nacional
2020,936263.0,Hermosillo,poblacion_total,nacional
2015,21.852252,Huatabampo,viviendas_con_internet,nacional
1995,439.0,Villa Pesqueira,total_viviendas_habitadas,nacional
2010,8.62,San Luis Rio Colorado,grado_promedio_escolaridad,nacional
2020/01,272157.0,,estatal_sector_informal,estatal
2000,93.6619718309859,Trincheras,porcentaje_alfabetas,nacional
2010,93.64,Benito Juarez,porcentaje_alfabetas,nacional
2005,6.5,Bacadehuachi,grado_promedio_escolaridad,nacional
2010/01,84809.0,,estatal_poblacion_desocupada,estatal
2010,277.0,Bacadehuachi,poblacion_asiste_escuela,nacional
2005,70113.0,Caborca,poblacion_total,nacional
2000,6.9,Aconchi,grado_promedio_escolaridad,nacional
2020,11982.0,Empalme,poblacion_asiste_escuela,nacional
2010,20420.0,Agua Prieta,total_viviendas_habitadas,nacional
2000,56129.0,Etchojoa,poblacion_total,nacional
2000,6.5,Bacoachi,grado_promedio_escolaridad,nacional
2015,7.8353344,Villa Hidalgo,grado_promedio_escolaridad,nacional
2020,14369.0,Nacozari de Garcia,poblacion_total,nacional
2000,61944.0,Agua Prieta,poblacion_total,nacional
2005,8357.0,Altar,poblacion_total,nacional
2000,479.0,Onavas,poblacion_total,nacional
2000,263.0,Huasabas,total_viviendas_habitadas,nacional
2023/02,412602.0,,estatal_ingresos_hasta_1_salmin,estatal
2000,103542.0,Cajeme,poblacion_asiste_escuela,nacional
2020,71.7460317460317,Cucurpe,viviendas_con_automovil,nacional
2006/04,1019859.0,,estatal_pea,estatal
2020,888.0,Huasabas,poblacion_total,nacional
2000,93.4767989240081,Nacori Chico,porcentaje_alfabetas,nacional
2010,6.41,Bacanora,grado_promedio_escolaridad,nacional
2010,79138.0,Agua Prieta,poblacion_total,nacional
2000,3602.0,Santa Ana,poblacion_asiste_escuela,nacional
2020,96.5211062590975,Pitiquito,porcentaje_alfabetas,nacional
2010,12751.0,Nacozari de Garcia,poblacion_total,nacional
2010,8.24,Granados,grado_promedio_escolaridad,nacional
2010,230.0,Divisaderos,total_viviendas_habitadas,nacional
2020,54.599761051374,Navojoa,viviendas_con_automovil,nacional
2020,233.0,Tepache,poblacion_asiste_escuela,nacional
2010,5.86,San Miguel de Horcasitas,grado_promedio_escolaridad,nacional
2020,8.72647409172126,Altar,grado_promedio_escolaridad,nacional
2015,125.0,Onavas,total_viviendas_habitadas,nacional
1995,,Trincheras,grado_promedio_escolaridad,nacional
2020,97.3323524237529,Navojoa,porcentaje_alfabetas,nacional
2020,263.0,Huachinera,poblacion_asiste_escuela,nacional
1983/01,40.855338366726,,estatal_itaee,estatal
2013/03,78063.0,,estatal_poblacion_desocupada,estatal
2005,20447.0,Benito Juarez,poblacion_total,nacional
2010,6.37,Yecora,grado_promedio_escolaridad,nacional
2020,328.0,Huepac,total_viviendas_habitadas,nacional
2010,9185.0,Ures,poblacion_total,nacional
2005,798.0,Cucurpe,poblacion_total,nacional
2008/02,1106553.0,,estatal_pea,estatal
1995,,Navojoa,poblacion_asiste_escuela,nacional
2015,8.7138413,Benito Juarez,grado_promedio_escolaridad,nacional
2010,5275.0,Benjamin Hill,poblacion_total,nacional
2020,3544.0,Imuris,total_viviendas_habitadas,nacional
2010,57342.0,Puerto Peñasco,poblacion_total,nacional
2020,73.8095238095238,San Felipe de Jesus,viviendas_con_automovil,nacional
2015,2643.0,Pitiquito,total_viviendas_habitadas,nacional
2010,97.49,Villa Pesqueira,porcentaje_alfabetas,nacional
2005,395.0,Nacori Chico,poblacion_asiste_escuela,nacional
2015,7.5651237,Villa Pesqueira,grado_promedio_escolaridad,nacional
1995,,Altar,poblacion_asiste_escuela,nacional
2015,8.2368544,Altar,grado_promedio_escolaridad,nacional
1995,1365.0,Yecora,total_viviendas_habitadas,nacional
2010,5226.0,Rosario,poblacion_total,nacional
2020,156.0,San Javier,total_viviendas_habitadas,nacional
2020,1737.0,Ures,poblacion_asiste_escuela,nacional
2001/04,70.782149370503,,estatal_itaee,estatal
2010,371.0,Villa Hidalgo,poblacion_asiste_escuela,nacional
2020,8.5041888804265,Santa Cruz,grado_promedio_escolaridad,nacional
2010/02,95158.0,,estatal_ingresos_hasta_1_salmin,estatal
1930,316271.0,Total Sonora,poblacion_total,nacional
2000,35081.0,Guaymas,poblacion_asiste_escuela,nacional
1991/03,48.375796212253,,estatal_itaee,estatal
2012/02,1248633.0,,estatal_pea,estatal
2015,10.0014293654817,Total Sonora,grado_promedio_escolaridad,nacional
2020,753.0,Divisaderos,poblacion_total,nacional
2010,95.91,Bacoachi,porcentaje_alfabetas,nacional
2020,48.1025135534746,General Plutarco Elias Calles,viviendas_con_internet,nacional
2020,44.9470644850818,Baviacora,viviendas_con_internet,nacional
2005,315.0,Bacoachi,poblacion_asiste_escuela,nacional
2020,261.0,Bacanora,total_viviendas_habitadas,nacional
2005,2569.0,Pitiquito,poblacion_asiste_escuela,nacional
2005,12666.0,Etchojoa,total_viviendas_habitadas,nacional
2020,48.5714285714286,Fronteras,viviendas_con_internet,nacional
2015,23.425197,Santa Cruz,viviendas_con_internet,nacional
2000,537.0,Villa Hidalgo,total_viviendas_habitadas,nacional
2020,8.18253079507279,Arivechi,grado_promedio_escolaridad,nacional
2000,2573.0,Ures,total_viviendas_habitadas,nacional
2011,6.519790289859737,,nacional_gasto_educacion_pib,nacional
1980/03,39.541277965122,,estatal_itaee,estatal
2010,332.0,Suaqui Grande,total_viviendas_habitadas,nacional
2020,76.7208084228348,Puerto Peñasco,viviendas_con_automovil,nacional
2015,317.0,Cucurpe,total_viviendas_habitadas,nacional
1995,1290.0,Huachinera,poblacion_total,nacional
2015,409.0,Huachinera,total_viviendas_habitadas,nacional
2013/01,88899.0,,estatal_ingresos_hasta_1_salmin,estatal
2010,498.0,Bacoachi,total_viviendas_habitadas,nacional
2005,303.0,Bavispe,poblacion_asiste_escuela,nacional
2015,96.3934810302666,San Luis Rio Colorado,porcentaje_alfabetas,nacional
2015,19.626168,Bacerac,viviendas_con_internet,nacional
2020,18900.0,Huatabampo,poblacion_asiste_escuela,nacional
2009/03,1081875.0,,estatal_pea,estatal
2020,126.0,San Felipe de Jesus,total_viviendas_habitadas,nacional
1995,,Banamichi,grado_promedio_escolaridad,nacional
2021/03,1441117.0,,estatal_pea,estatal
2005,8785.0,Cananea,total_viviendas_habitadas,nacional
2011/04,75049.0,,estatal_poblacion_desocupada,estatal
2005,1670.0,Trincheras,poblacion_total,nacional
2005,8.0,Cumpas,grado_promedio_escolaridad,nacional
2020,18.3246073298429,Atil,viviendas_con_internet,nacional
2020,62689.0,Puerto Peñasco,poblacion_total,nacional
2020,75.1258140911782,Agua Prieta,viviendas_con_automovil,nacional
2005,9.9,Hermosillo,grado_promedio_escolaridad,nacional
2000,7.2,Oquitoa,grado_promedio_escolaridad,nacional
1995,64605.0,Caborca,poblacion_total,nacional
2015,17566.0,Puerto Peñasco,total_viviendas_habitadas,nacional
1995,,Nogales,poblacion_asiste_escuela,nacional
2020,26.2206148282098,Santa Cruz,viviendas_con_internet,nacional
1999/01,68.788675518663,,estatal_itaee,estatal
2010,96.64,Banamichi,porcentaje_alfabetas,nacional
2000,4084.0,Nacozari de Garcia,poblacion_asiste_escuela,nacional
2010,1150.0,Granados,poblacion_total,nacional
2010,7.11,Tepache,grado_promedio_escolaridad,nacional
2020,39.3039918116684,Ures,viviendas_con_internet,nacional
2020,96.5701386432169,Huatabampo,porcentaje_alfabetas,nacional
2016/02,1355854.0,,estatal_pea,estatal
2017/03,1330993.0,,estatal_pea,estatal
2024/01,287641.0,,estatal_sector_informal,estatal
2000,25152.0,Alamos,poblacion_total,nacional
1997/02,61.558217969598,,estatal_itaee,estatal
2012/02,86.345108318676,,estatal_itaee,estatal
2005,2959.0,Arizpe,poblacion_total,nacional
2010,650.0,Opodepe,poblacion_asiste_escuela,nacional
2020,496.0,Oquitoa,poblacion_total,nacional
2015,11.550152,Granados,viviendas_con_internet,nacional
2019/01,58736.0,,estatal_poblacion_desocupada,estatal
1995,5279.0,Magdalena,total_viviendas_habitadas,nacional
2015,1708.0,Yecora,total_viviendas_habitadas,nacional
2006/04,58188.0,,estatal_ingresos_hasta_1_salmin,estatal
2015,463.0,Soyopa,total_viviendas_habitadas,nacional
2010/02,262453.0,,estatal_sector_informal,estatal
2005,1988.0,Fronteras,total_viviendas_habitadas,nacional
2015,510.0,Santa Cruz,total_viviendas_habitadas,nacional
2005,1743.0,Nacori Chico,poblacion_total,nacional
2015,8.2788944,San Javier,grado_promedio_escolaridad,nacional
2012/04,1213403.0,,estatal_pea,estatal
2010,94.71,Bacadehuachi,porcentaje_alfabetas,nacional
1995,,Mazatan,grado_promedio_escolaridad,nacional
2010,95.64,Villa Hidalgo,porcentaje_alfabetas,nacional
2010,1998.0,Santa Cruz,poblacion_total,nacional
2010,298.0,Huepac,poblacion_asiste_escuela,nacional
2020,37585.0,Guaymas,poblacion_asiste_escuela,nacional
2005,102.0,San Felipe de Jesus,total_viviendas_habitadas,nacional
2014/02,1323730.0,,estatal_pea,estatal
2020,378.0,Santa Cruz,poblacion_asiste_escuela,nacional
2005/01,84711.0,,estatal_ingresos_hasta_1_salmin,estatal
2010,220292.0,Nogales,poblacion_total,nacional
2015,52.095514,Nogales,viviendas_con_internet,nacional
2000,6.1,Saric,grado_promedio_escolaridad,nacional
2010,6.67,Onavas,grado_promedio_escolaridad,nacional
2000,121.0,San Felipe de Jesus,total_viviendas_habitadas,nacional
2010,1646.0,San Miguel de Horcasitas,total_viviendas_habitadas,nacional
2022/01,277072.0,,estatal_sector_informal,estatal
2020,21692.0,Benito Juarez,poblacion_total,nacional
2015,9850.0,Cananea,total_viviendas_habitadas,nacional
2006/03,56133.0,,estatal_ingresos_hasta_1_salmin,estatal
2000,7.0,Banamichi,grado_promedio_escolaridad,nacional
2015,15.361217,Carbo,viviendas_con_internet,nacional
2009,6.717021453102391,,nacional_gasto_educacion_pib,nacional
2005,6.5,Arivechi,grado_promedio_escolaridad,nacional
2000,6069.0,Yecora,poblacion_total,nacional
2005,350.0,Bacadehuachi,total_viviendas_habitadas,nacional
1995,,Huepac,grado_promedio_escolaridad,nacional
2015,8.1766063,San Ignacio Rio Muerto,grado_promedio_escolaridad,nacional
1995,,Quiriego,poblacion_asiste_escuela,nacional
2000,93.4807916181607,Sahuaripa,porcentaje_alfabetas,nacional
2005,1264.0,Bacadehuachi,poblacion_total,nacional
2005,332.0,Bacerac,poblacion_asiste_escuela,nacional
2010,95.43,Pitiquito,porcentaje_alfabetas,nacional
2024/04,1448172.0,,estatal_pea,estatal
2001/01,74.109301450184,,estatal_itaee,estatal
2022/04,1445570.0,,estatal_pea,estatal
2010,9026.0,Cananea,total_viviendas_habitadas,nacional
2000,1751.0,Altar,total_viviendas_habitadas,nacional
2015,7.0037593,Soyopa,grado_promedio_escolaridad,nacional
2015,96.8286123131562,Guaymas,porcentaje_alfabetas,nacional
1995,2417.0,Nacori Chico,poblacion_total,nacional
2020,1725.0,Moctezuma,total_viviendas_habitadas,nacional
2020,494.0,Villa Hidalgo,total_viviendas_habitadas,nacional
2015,357.0,Bacadehuachi,total_viviendas_habitadas,nacional
2015,94.1984732824427,Opodepe,porcentaje_alfabetas,nacional
2015,7.135433,Bacanora,grado_promedio_escolaridad,nacional
2010,9.04,Puerto Peñasco,grado_promedio_escolaridad,nacional
2015,8.3727087,Mazatan,grado_promedio_escolaridad,nacional
2020,19176.0,Puerto Peñasco,total_viviendas_habitadas,nacional
1995,,Granados,grado_promedio_escolaridad,nacional
2018/04,266573.0,,estatal_sector_informal,estatal
2005,5776.0,Cumpas,poblacion_total,nacional
2015,7.6405723,Bacoachi,grado_promedio_escolaridad,nacional
2005,6.4,Suaqui Grande,grado_promedio_escolaridad,nacional
2010,1154.0,Huepac,poblacion_total,nacional
2005,9.2,Cananea,grado_promedio_escolaridad,nacional
2012/03,100490.0,,estatal_ingresos_hasta_1_salmin,estatal
2020,2785.0,San Miguel de Horcasitas,total_viviendas_habitadas,nacional
2010,2878.0,Opodepe,poblacion_total,nacional
2015,94.5996275605214,La Colorada,porcentaje_alfabetas,nacional
2005,8.9,Total Sonora,grado_promedio_escolaridad,nacional
1995,407.0,Tepache,total_viviendas_habitadas,nacional
1995,,San Felipe de Jesus,grado_promedio_escolaridad,nacional
2010,8.03,Oquitoa,grado_promedio_escolaridad,nacional
2017/03,99.731009378689,,estatal_itaee,estatal
2010,1284.0,Soyopa,poblacion_total,nacional
1995,,Baviacora,poblacion_asiste_escuela,nacional
2010,958.0,Cucurpe,poblacion_total,nacional
2000,718.0,Atil,poblacion_total,nacional
2010,7.49,Santa Cruz,grado_promedio_escolaridad,nacional
2020,3090.0,Quiriego,poblacion_total,nacional
2015,95.9076600209863,Tepache,porcentaje_alfabetas,nacional
2008/02,79.16967281279,,estatal_itaee,estatal
1995,,Huepac,poblacion_asiste_escuela,nacional
2015/01,242605.0,,estatal_sector_informal,estatal
2000,356290.0,Cajeme,poblacion_total,nacional
2020,1496.0,Rayon,poblacion_total,nacional
2008/02,74258.0,,estatal_ingresos_hasta_1_salmin,estatal
2005,1938.0,Fronteras,poblacion_asiste_escuela,nacional
1995,,Bavispe,grado_promedio_escolaridad,nacional
2019/01,1381905.0,,estatal_pea,estatal
2021/02,270094.0,,estatal_sector_informal,estatal
2010,93.09,La Colorada,porcentaje_alfabetas,nacional
1997/04,64.564580908506,,estatal_itaee,estatal
2020,1186.0,Huachinera,poblacion_total,nacional
2000,94.3396226415094,Arizpe,porcentaje_alfabetas,nacional
2005,6036.0,San Miguel de Horcasitas,poblacion_total,nacional
1984/02,41.602496941094,,estatal_itaee,estatal
2000,6010.0,Magdalena,total_viviendas_habitadas,nacional
2020,57.049692994165,Caborca,viviendas_con_internet,nacional
2023/01,1464753.0,,estatal_pea,estatal
2000,395.0,Banamichi,total_viviendas_habitadas,nacional
2010,2637.0,Aconchi,poblacion_total,nacional
2010,2378.0,Ures,poblacion_asiste_escuela,nacional
2010,435.0,Mazatan,total_viviendas_habitadas,nacional
2020,156.0,Oquitoa,total_viviendas_habitadas,nacional
2020,7.72736030828516,Trincheras,grado_promedio_escolaridad,nacional
2000,582.0,Nacori Chico,total_viviendas_habitadas,nacional
2000,14365.0,Nacozari de Garcia,poblacion_total,nacional
2010,930.0,Quiriego,total_viviendas_habitadas,nacional
2005,6.8,Saric,grado_promedio_escolaridad,nacional
1995,361.0,Bacerac,total_viviendas_habitadas,nacional
2008/01,84859.0,,estatal_ingresos_hasta_1_salmin,estatal
2015,8.6809895,Benjamin Hill,grado_promedio_escolaridad,nacional
2005,7470.0,Fronteras,poblacion_total,nacional
2005,24493.0,Alamos,poblacion_total,nacional
2010,6.88,Huachinera,grado_promedio_escolaridad,nacional
2020,540.0,Rayon,total_viviendas_habitadas,nacional
2010,1235.0,Carbo,total_viviendas_habitadas,nacional
2023/03,301222.0,,estatal_sector_informal,estatal
1995,,Naco,poblacion_asiste_escuela,nacional
2005,1624.0,Cumpas,total_viviendas_habitadas,nacional
2020,98.0160604629192,Fronteras,porcentaje_alfabetas,nacional
2020,64.0506329113924,Aconchi,viviendas_con_automovil,nacional
2000,328.0,Suaqui Grande,poblacion_asiste_escuela,nacional
2021/01,247374.0,,estatal_ingresos_hasta_1_salmin,estatal
2020,7.72321428571429,Cucurpe,grado_promedio_escolaridad,nacional
2010,94.25,Rayon,porcentaje_alfabetas,nacional
2005,6.2,Nacori Chico,grado_promedio_escolaridad,nacional
2010,157729.0,Navojoa,poblacion_total,nacional
2000/01,75.25046052721,,estatal_itaee,estatal
2018/02,49585.0,,estatal_poblacion_desocupada,estatal
2000,253.0,Huachinera,poblacion_asiste_escuela,nacional
2020,74.0554156171285,Tepache,viviendas_con_automovil,nacional
1995,,Huasabas,grado_promedio_escolaridad,nacional
2020,690.0,Baviacora,poblacion_asiste_escuela,nacional
2015,44316.0,Navojoa,total_viviendas_habitadas,nacional
2025/02,1500120.0,,estatal_pea,estatal
2005,1565.0,Villa Hidalgo,poblacion_total,nacional
2010,2703.0,Saric,poblacion_total,nacional
2015,7.2876901,Cucurpe,grado_promedio_escolaridad,nacional
2015,7.3114035,Huachinera,grado_promedio_escolaridad,nacional
2020,682.0,La Colorada,total_viviendas_habitadas,nacional
1980/02,38.657064020195,,estatal_itaee,estatal
2020/01,61881.0,,estatal_poblacion_desocupada,estatal
2020,8.50888888888889,Mazatan,grado_promedio_escolaridad,nacional
2010,88.85,Rosario,porcentaje_alfabetas,nacional
2024/02,1481774.0,,estatal_pea,estatal
1995,559154.0,Hermosillo,poblacion_total,nacional
1995,,Navojoa,grado_promedio_escolaridad,nacional
1995,,Guaymas,poblacion_asiste_escuela,nacional
2010,6.89,Bacadehuachi,grado_promedio_escolaridad,nacional
2004,6.053705062329195,,nacional_gasto_educacion_pib,nacional
2000,5142.0,Benito Juarez,total_viviendas_habitadas,nacional
2012/02,64948.0,,estatal_poblacion_desocupada,estatal
1989/04,42.815897786039,,estatal_itaee,estatal
1995,,San Pedro de la Cueva,poblacion_asiste_escuela,nacional
2000,1611.0,Sahuaripa,poblacion_asiste_escuela,nacional
2014/04,103395.0,,estatal_ingresos_hasta_1_salmin,estatal
2010,95.68,Arizpe,porcentaje_alfabetas,nacional
2005,7.9,Caborca,grado_promedio_escolaridad,nacional
2020,71.072319201995,Mazatan,viviendas_con_automovil,nacional
2020,315.0,Cucurpe,total_viviendas_habitadas,nacional
1910,265383.0,Total Sonora,poblacion_total,nacional
2010,155.0,Atil,poblacion_asiste_escuela,nacional
2010,8.92,Empalme,grado_promedio_escolaridad,nacional
2010,7.03,Bavispe,grado_promedio_escolaridad,nacional
2020,988.0,Yecora,poblacion_asiste_escuela,nacional
2020,207.0,Granados,poblacion_asiste_escuela,nacional
2010,97.17,Atil,porcentaje_alfabetas,nacional
1995,6114.0,Yecora,poblacion_total,nacional
2021/04,1451618.0,,estatal_pea,estatal
2020,41947.0,Navojoa,poblacion_asiste_escuela,nacional
2000,1398.0,Naco,poblacion_asiste_escuela,nacional
2000,13692.0,San Ignacio Rio Muerto,poblacion_total,nacional
2020,22.7984281388907,Etchojoa,viviendas_con_internet,nacional
1995,10206.0,Ures,poblacion_total,nacional
2005,636.0,Quiriego,poblacion_asiste_escuela,nacional
2005/01,217027.0,,estatal_sector_informal,estatal
2000,8.0,Moctezuma,grado_promedio_escolaridad,nacional
2010,7.09,Tubutama,grado_promedio_escolaridad,nacional
2017/04,100.38414758407,,estatal_itaee,estatal
1995,,Guaymas,grado_promedio_escolaridad,nacional
1995,558.0,San Pedro de la Cueva,total_viviendas_habitadas,nacional
2010,94.51,Carbo,porcentaje_alfabetas,nacional
1991/02,48.202628856073,,estatal_itaee,estatal
2010,1454.0,Bavispe,poblacion_total,nacional
2015,814820.0,Total Sonora,total_viviendas_habitadas,nacional
2000,5.7,Onavas,grado_promedio_escolaridad,nacional
2010,394.0,Huachinera,total_viviendas_habitadas,nacional
2015,26.485149,Tepache,viviendas_con_internet,nacional
1950,510607.0,Total Sonora,poblacion_total,nacional
1995,,San Miguel de Horcasitas,grado_promedio_escolaridad,nacional
1985/04,43.332697908295,,estatal_itaee,estatal
2020,9.63631300054194,Agua Prieta,grado_promedio_escolaridad,nacional
2020,10.0985860933566,Nacozari de Garcia,grado_promedio_escolaridad,nacional
2020,24540.0,Agua Prieta,poblacion_asiste_escuela,nacional
2010,561.0,La Colorada,total_viviendas_habitadas,nacional
1995,,Opodepe,poblacion_asiste_escuela,nacional
2020,69.8924731182796,Naco,viviendas_con_automovil,nacional
1995,,Villa Pesqueira,poblacion_asiste_escuela,nacional
2022/04,36831.0,,estatal_poblacion_desocupada,estatal
1995,30946.0,Nogales,total_viviendas_habitadas,nacional
2020,1368.0,Soyopa,poblacion_total,nacional
2010,14247.0,Etchojoa,total_viviendas_habitadas,nacional
1995,462.0,Mazatan,total_viviendas_habitadas,nacional
1987/04,42.323989944339,,estatal_itaee,estatal
2020,5986.0,Benito Juarez,total_viviendas_habitadas,nacional
2020,1101.0,Mazatan,poblacion_total,nacional
2010,1350.0,Huachinera,poblacion_total,nacional
1995,6264.0,Puerto Peñasco,total_viviendas_habitadas,nacional
2006/03,192350.0,,estatal_sector_informal,estatal
2020,57.9831932773109,Onavas,viviendas_con_automovil,nacional
2011/04,1227948.0,,estatal_pea,estatal
2010,6362.0,Cumpas,poblacion_total,nacional
2020,26298.0,Caborca,total_viviendas_habitadas,nacional
2015,24.654088,Aconchi,viviendas_con_internet,nacional
2007/04,73283.0,,estatal_ingresos_hasta_1_salmin,estatal
2010/04,76.606831440388,,estatal_itaee,estatal
2015,1629.0,Benjamin Hill,total_viviendas_habitadas,nacional
2020,65.4353562005277,Bacerac,viviendas_con_automovil,nacional
2017/01,1333198.0,,estatal_pea,estatal
1995,2264.0,Aconchi,poblacion_total,nacional
1997,4.748410356631278,,nacional_gasto_educacion_pib,nacional
2010,57647.0,Nogales,total_viviendas_habitadas,nacional
2005,48584.0,Nogales,total_viviendas_habitadas,nacional
2000,2270.0,Pitiquito,total_viviendas_habitadas,nacional
2007/04,75.553734406816,,estatal_itaee,estatal
2020,19.7782144862437,Alamos,viviendas_con_internet,nacional
1995,1611.0,Tepache,poblacion_total,nacional
2010,8.07,Benito Juarez,grado_promedio_escolaridad,nacional
2010,1451.0,Sahuaripa,poblacion_asiste_escuela,nacional
2005,98479.0,Cajeme,total_viviendas_habitadas,nacional
2010,743126.0,Total Sonora,poblacion_asiste_escuela,nacional
2010,597.0,Nacori Chico,total_viviendas_habitadas,nacional
2000,721.0,Quiriego,poblacion_asiste_escuela,nacional
2020,31.2056737588652,San Pedro de la Cueva,viviendas_con_internet,nacional
2000,416.0,San Felipe de Jesus,poblacion_total,nacional
2009/02,59263.0,,estatal_poblacion_desocupada,estatal
2020,98.2919866184362,Hermosillo,porcentaje_alfabetas,nacional
2015,853.0,Opodepe,total_viviendas_habitadas,nacional
2015/03,110002.0,,estatal_ingresos_hasta_1_salmin,estatal
2000,410.0,Villa Pesqueira,poblacion_asiste_escuela,nacional
2010,9364.0,Cananea,poblacion_asiste_escuela,nacional
2000,443.0,Villa Pesqueira,total_viviendas_habitadas,nacional
1995,,Agua Prieta,grado_promedio_escolaridad,nacional
2005,7.5,Banamichi,grado_promedio_escolaridad,nacional
2006/01,76.803801782315,,estatal_itaee,estatal
2015,7.5069444,Bavispe,grado_promedio_escolaridad,nacional
2024/03,431383.0,,estatal_ingresos_hasta_1_salmin,estatal
2015,1838.0,Cumpas,total_viviendas_habitadas,nacional
2007/03,63809.0,,estatal_ingresos_hasta_1_salmin,estatal
2010,40579.0,Guaymas,total_viviendas_habitadas,nacional
2015,2797.0,Ures,total_viviendas_habitadas,nacional
2000,432.0,Mazatan,total_viviendas_habitadas,nacional
1995,,Bacanora,grado_promedio_escolaridad,nacional
2015,92.9971988795518,Soyopa,porcentaje_alfabetas,nacional
2015,8.2420477,Aconchi,grado_promedio_escolaridad,nacional
2010,381.0,Trincheras,poblacion_asiste_escuela,nacional
2020,264782.0,Nogales,poblacion_total,nacional
1983/03,40.033639578616,,estatal_itaee,estatal
2010/02,74.676366679285,,estatal_itaee,estatal
1995,,Caborca,grado_promedio_escolaridad,nacional
2012/04,87.179833253446,,estatal_itaee,estatal
2000,1506.0,Yecora,total_viviendas_habitadas,nacional
2015,96.7865372297505,Navojoa,porcentaje_alfabetas,nacional
2013/01,89.495342610215,,estatal_itaee,estatal
2010,712108.0,Total Sonora,total_viviendas_habitadas,nacional
1995,,Etchojoa,poblacion_asiste_escuela,nacional
2020,11.9469026548673,La Colorada,viviendas_con_internet,nacional
2000,1539.0,Cumpas,poblacion_asiste_escuela,nacional
2018/04,100.538068053192,,estatal_itaee,estatal
2015,9.6056889,Nacozari de Garcia,grado_promedio_escolaridad,nacional
2015,94.019743640481,Etchojoa,porcentaje_alfabetas,nacional
2000,98.4333348922041,Cananea,porcentaje_alfabetas,nacional
2010,10.36,Hermosillo,grado_promedio_escolaridad,nacional
2010,567.0,San Pedro de la Cueva,total_viviendas_habitadas,nacional
2008/03,235810.0,,estatal_sector_informal,estatal
1995,,Tubutama,poblacion_asiste_escuela,nacional
2015,98.2590046826664,Hermosillo,porcentaje_alfabetas,nacional
2015,5.6718433,Rosario,viviendas_con_internet,nacional
2000,2306.0,La Colorada,poblacion_total,nacional
2010,95.52,Benjamin Hill,porcentaje_alfabetas,nacional
1995,551.0,Saric,total_viviendas_habitadas,nacional
2015,7.7051961,Tepache,grado_promedio_escolaridad,nacional
2020,2592.0,Altar,poblacion_asiste_escuela,nacional
2019/04,1438669.0,,estatal_pea,estatal
2000,937.0,Cucurpe,poblacion_total,nacional
2015,9.3447918,Empalme,grado_promedio_escolaridad,nacional
2000,1923.0,Fronteras,total_viviendas_habitadas,nacional
2020,1825.0,Banamichi,poblacion_total,nacional
2020,78358.0,Nogales,total_viviendas_habitadas,nacional
2010,399.0,Onavas,poblacion_total,nacional
2005/04,214996.0,,estatal_sector_informal,estatal
2020,35.8577165806081,Sahuaripa,viviendas_con_internet,nacional
2010,96.0,Huepac,porcentaje_alfabetas,nacional
2010,97.5,Divisaderos,porcentaje_alfabetas,nacional
2020,8.35307781649245,Villa Pesqueira,grado_promedio_escolaridad,nacional
2005,379.0,Santa Cruz,poblacion_asiste_escuela,nacional
2005,1464.0,Banamichi,poblacion_total,nacional
2000,6.6,Tepache,grado_promedio_escolaridad,nacional
2005,6.8,Villa Pesqueira,grado_promedio_escolaridad,nacional
2020,204.0,Bacadehuachi,poblacion_asiste_escuela,nacional
2020,278550.0,Hermosillo,total_viviendas_habitadas,nacional
1995,4994.0,Carbo,poblacion_total,nacional
2010,8.03,San Javier,grado_promedio_escolaridad,nacional
2005,9.3,Cajeme,grado_promedio_escolaridad,nacional
2020,279.0,Bacerac,poblacion_asiste_escuela,nacional
2020,465.0,Saric,poblacion_asiste_escuela,nacional
2010,1481.0,Benjamin Hill,total_viviendas_habitadas,nacional
2000,91.9479606188467,Benito Juarez,porcentaje_alfabetas,nacional
2020,68.7370600414079,Arizpe,viviendas_con_automovil,nacional
2005,5792.0,Sahuaripa,poblacion_total,nacional
2010,962.0,Huasabas,poblacion_total,nacional
2015,12.93847,Alamos,viviendas_con_internet,nacional
2015,95.807314897413,Saric,porcentaje_alfabetas,nacional
1994/02,56.535559742116,,estatal_itaee,estatal
1995,,Villa Pesqueira,grado_promedio_escolaridad,nacional
2022/03,350316.0,,estatal_ingresos_hasta_1_salmin,estatal
2019/04,248826.0,,estatal_sector_informal,estatal
2020,69.3235642391948,Agua Prieta,viviendas_con_internet,nacional
2020,31.8198198198198,San Miguel de Horcasitas,viviendas_con_automovil,nacional
2020,47.3988439306358,Bacadehuachi,viviendas_con_automovil,nacional
2010,7.38,Bacoachi,grado_promedio_escolaridad,nacional
2000,95.4298150163221,Bavispe,porcentaje_alfabetas,nacional
2025/02,37675.0,,estatal_poblacion_desocupada,estatal
2010,95.69,Tepache,porcentaje_alfabetas,nacional
2014/02,66009.0,,estatal_poblacion_desocupada,estatal
1995,30412.0,Guaymas,total_viviendas_habitadas,nacional
2015,20.837809,Ures,viviendas_con_internet,nacional
2000,94.0919037199125,Bacadehuachi,porcentaje_alfabetas,nacional
2005,375800.0,Cajeme,poblacion_total,nacional
2005,13057.0,Empalme,total_viviendas_habitadas,nacional
2014/04,1319482.0,,estatal_pea,estatal
2011/02,75333.0,,estatal_ingresos_hasta_1_salmin,estatal
2013/02,97542.0,,estatal_ingresos_hasta_1_salmin,estatal
2010,6.94,Alamos,grado_promedio_escolaridad,nacional
2000,1683.0,Sahuaripa,total_viviendas_habitadas,nacional
2004/01,65.528767561327,,estatal_itaee,estatal
2005,734.0,Atil,poblacion_total,nacional
2000,6.8,Huasabas,grado_promedio_escolaridad,nacional
2006/01,28916.0,,estatal_poblacion_desocupada,estatal
2010,97.69,Santa Ana,porcentaje_alfabetas,nacional
2012/01,85819.0,,estatal_poblacion_desocupada,estatal
2000,1434.0,Yecora,poblacion_asiste_escuela,nacional
2000,7.6,San Luis Rio Colorado,grado_promedio_escolaridad,nacional
2022/03,288458.0,,estatal_sector_informal,estatal
2005,7.9,Atil,grado_promedio_escolaridad,nacional
2015,1516.0,Moctezuma,total_viviendas_habitadas,nacional
2010,40440.0,Guaymas,poblacion_asiste_escuela,nacional
2020,13.6268343815514,Trincheras,viviendas_con_internet,nacional
2015,3.4229829,Huachinera,viviendas_con_internet,nacional
2010,95.69,Bacerac,porcentaje_alfabetas,nacional
2005,171.0,Divisaderos,poblacion_asiste_escuela,nacional
2015,6.3517915,Nacori Chico,viviendas_con_internet,nacional
2020,69.0537084398977,Arivechi,viviendas_con_automovil,nacional
2020,23.4666666666667,Villa Pesqueira,viviendas_con_internet,nacional
2020,3691.0,Nacozari de Garcia,poblacion_asiste_escuela,nacional
2009/01,59091.0,,estatal_poblacion_desocupada,estatal
2015,15.7277,Opodepe,viviendas_con_internet,nacional
2020,136.0,Bacanora,poblacion_asiste_escuela,nacional
2005,17862.0,Agua Prieta,total_viviendas_habitadas,nacional
2010,1208.0,Rosario,poblacion_asiste_escuela,nacional
2020/03,93.802153239327,,estatal_itaee,estatal
2020,11.2953864674033,Hermosillo,grado_promedio_escolaridad,nacional
2020,8.92532179316467,Imuris,grado_promedio_escolaridad,nacional
2005,767.0,Bacanora,poblacion_total,nacional
2015,11.702688,San Ignacio Rio Muerto,viviendas_con_internet,nacional
2000,6.5,Suaqui Grande,grado_promedio_escolaridad,nacional
2000,11834.0,Etchojoa,total_viviendas_habitadas,nacional
2000,762.0,Opodepe,total_viviendas_habitadas,nacional
2014/01,105767.0,,estatal_ingresos_hasta_1_salmin,estatal
2015,795.0,Aconchi,total_viviendas_habitadas,nacional
2000,328.0,Bacoachi,poblacion_asiste_escuela,nacional
2005,8.6,Nacozari de Garcia,grado_promedio_escolaridad,nacional
1995,10322.0,General Plutarco Elias Calles,poblacion_total,nacional
2000,90.5537459283388,Onavas,porcentaje_alfabetas,nacional
2020,93.9885496183206,Soyopa,porcentaje_alfabetas,nacional
2020,164387.0,Navojoa,poblacion_total,nacional
2014/03,1297486.0,,estatal_pea,estatal
2020,8.97208121827411,Granados,grado_promedio_escolaridad,nacional
2005,163.0,Cucurpe,poblacion_asiste_escuela,nacional
1970,1098720.0,Total Sonora,poblacion_total,nacional
2015/02,66143.0,,estatal_poblacion_desocupada,estatal
2015,94.6925021061499,Trincheras,porcentaje_alfabetas,nacional
2015,3797.0,San Ignacio Rio Muerto,total_viviendas_habitadas,nacional
2020,9.86171447521141,Santa Ana,grado_promedio_escolaridad,nacional
2020,98.7437185929648,Oquitoa,porcentaje_alfabetas,nacional
2005,1233.0,Moctezuma,total_viviendas_habitadas,nacional
2015,26.4,,estatal_rezago_educativo,estatal
2015,361.0,Tubutama,total_viviendas_habitadas,nacional
1995,,Santa Cruz,grado_promedio_escolaridad,nacional
2010,9.2,Magdalena,grado_promedio_escolaridad,nacional
2010,47824.0,San Luis Rio Colorado,total_viviendas_habitadas,nacional
2020,64.5045873904265,Nogales,viviendas_con_automovil,nacional
2020,1009.0,Granados,poblacion_total,nacional
1995,,Nacozari de Garcia,poblacion_asiste_escuela,nacional
2005,1272.0,Carbo,poblacion_asiste_escuela,nacional
2010,483.0,Santa Cruz,poblacion_asiste_escuela,nacional
2000,93.2806324110672,Atil,porcentaje_alfabetas,nacional
1995,3049.0,Nacozari de Garcia,total_viviendas_habitadas,nacional
2007/04,1061922.0,,estatal_pea,estatal
1981/03,44.293633704153,,estatal_itaee,estatal
1995,,Fronteras,poblacion_asiste_escuela,nacional
2009/03,78305.0,,estatal_ingresos_hasta_1_salmin,estatal
1995,2287.0,Saric,poblacion_total,nacional
2010,1660.0,Yecora,total_viviendas_habitadas,nacional
1996,4.760656487259091,,nacional_gasto_educacion_pib,nacional
1995,,Nacori Chico,grado_promedio_escolaridad,nacional
1993/01,51.534252667717,,estatal_itaee,estatal
2024/04,42053.0,,estatal_poblacion_desocupada,estatal
2015,96.4367816091954,Pitiquito,porcentaje_alfabetas,nacional
1995,289.0,Granados,total_viviendas_habitadas,nacional
2000,503.0,Saric,poblacion_asiste_escuela,nacional
2016/02,69267.0,,estatal_poblacion_desocupada,estatal
2020,9.23224043715847,Huepac,grado_promedio_escolaridad,nacional
2014/01,270977.0,,estatal_sector_informal,estatal
2020,73.7003058103976,Huepac,viviendas_con_automovil,nacional
2020,75.8441558441558,Fronteras,viviendas_con_automovil,nacional
2005,288.0,Bacadehuachi,poblacion_asiste_escuela,nacional
1980/04,40.966030801552,,estatal_itaee,estatal
2025/01,264495.0,,estatal_sector_informal,estatal
2020,70.3870112038072,Hermosillo,viviendas_con_internet,nacional
2000,95.1763858891289,Villa Hidalgo,porcentaje_alfabetas,nacional
2020,5.95482546201232,Tubutama,viviendas_con_internet,nacional
2020,48.0950584685025,Altar,viviendas_con_internet,nacional
2005/04,989279.0,,estatal_pea,estatal
2015,42.297961,San Luis Rio Colorado,viviendas_con_internet,nacional
2010,14366.0,Empalme,total_viviendas_habitadas,nacional
2010,95.58,San Luis Rio Colorado,porcentaje_alfabetas,nacional
2010,313.0,Villa Pesqueira,poblacion_asiste_escuela,nacional
2020,3712.0,General Plutarco Elias Calles,poblacion_asiste_escuela,nacional
2020,5232.0,Bacum,poblacion_asiste_escuela,nacional
2020,73.109243697479,Onavas,viviendas_con_internet,nacional
2020,2665.0,Altar,total_viviendas_habitadas,nacional
2000,6.2,Bacerac,grado_promedio_escolaridad,nacional
2000,613724.0,Total Sonora,poblacion_asiste_escuela,nacional
2010,208.0,Divisaderos,poblacion_asiste_escuela,nacional
2005,1395.0,Benjamin Hill,poblacion_asiste_escuela,nacional
2010,2740.0,Ures,total_viviendas_habitadas,nacional
2010,82.0,San Javier,poblacion_asiste_escuela,nacional
2010,97.27,Moctezuma,porcentaje_alfabetas,nacional
2010,1735.0,Tubutama,poblacion_total,nacional
2020,21.0445468509985,San Ignacio Rio Muerto,viviendas_con_internet,nacional
1995/03,53.950631552431,,estatal_itaee,estatal
2005,6021.0,Alamos,total_viviendas_habitadas,nacional
2009/04,71031.0,,estatal_poblacion_desocupada,estatal
2000,89.0,San Javier,total_viviendas_habitadas,nacional
2005,1786.0,Santa Cruz,poblacion_total,nacional
2020,33.248730964467,Huachinera,viviendas_con_internet,nacional
2020,73.7179487179487,Oquitoa,viviendas_con_automovil,nacional
2005,18127.0,Caborca,total_viviendas_habitadas,nacional
2020,6333.0,Alamos,poblacion_asiste_escuela,nacional
2007/01,60822.0,,estatal_ingresos_hasta_1_salmin,estatal
2005,2659.0,Imuris,total_viviendas_habitadas,nacional
2009/04,278174.0,,estatal_sector_informal,estatal
2000,1584.0,Mazatan,poblacion_total,nacional
2000,6.1,La Colorada,grado_promedio_escolaridad,nacional
2010,22821.0,Bacum,poblacion_total,nacional
2010,2263.0,Fronteras,total_viviendas_habitadas,nacional
2000,306.0,Bacadehuachi,poblacion_asiste_escuela,nacional
1995,2390.0,La Colorada,poblacion_total,nacional
2010/03,1104779.0,,estatal_pea,estatal
2010,1604.0,San Pedro de la Cueva,poblacion_total,nacional
2015,87.6068376068376,Quiriego,porcentaje_alfabetas,nacional
1995/01,55.382460593552,,estatal_itaee,estatal
2010/02,71709.0,,estatal_poblacion_desocupada,estatal
2010,7.88,Divisaderos,grado_promedio_escolaridad,nacional
2020,120.0,Onavas,total_viviendas_habitadas,nacional
2010,97.06,Agua Prieta,porcentaje_alfabetas,nacional
2000,5432.0,Rosario,poblacion_total,nacional
2008/02,42397.0,,estatal_poblacion_desocupada,estatal
2020,511.0,Opodepe,poblacion_asiste_escuela,nacional
2024/01,1442258.0,,estatal_pea,estatal
2008/02,240592.0,,estatal_sector_informal,estatal
2005,8.7,Guaymas,grado_promedio_escolaridad,nacional
2010,880.0,Baviacora,poblacion_asiste_escuela,nacional
2010,96.25,Total Sonora,porcentaje_alfabetas,nacional
2010,8.46,Huatabampo,grado_promedio_escolaridad,nacional
2000,5732.0,Benjamin Hill,poblacion_total,nacional
2015,94.2006269592476,Bacanora,porcentaje_alfabetas,nacional
2010,472.0,Nacori Chico,poblacion_asiste_escuela,nacional
2011/01,78245.0,,estatal_poblacion_desocupada,estatal
2015,1.1481056,Quiriego,viviendas_con_internet,nacional
2015,21299.0,Huatabampo,total_viviendas_habitadas,nacional
2015,14.914425,Mazatan,viviendas_con_internet,nacional
2000,2549.0,Imuris,poblacion_asiste_escuela,nacional
2024/02,307178.0,,estatal_sector_informal,estatal
2000,184.0,Atil,total_viviendas_habitadas,nacional
2005,1263.0,Bavispe,poblacion_total,nacional
2020,80.561797752809,Cananea,viviendas_con_automovil,nacional
1984/03,42.326807264226,,estatal_itaee,estatal
2008/04,77.644518147023,,estatal_itaee,estatal
2000,97.0619097586569,Moctezuma,porcentaje_alfabetas,nacional
2020,14798.0,Empalme,total_viviendas_habitadas,nacional
2005,7.0,Sahuaripa,grado_promedio_escolaridad,nacional
2005,70303.0,Agua Prieta,poblacion_total,nacional
1995,,Alamos,poblacion_asiste_escuela,nacional
2017/02,1347383.0,,estatal_pea,estatal
2010,96.71,Cajeme,porcentaje_alfabetas,nacional
2005,679929.0,Total Sonora,poblacion_asiste_escuela,nacional
1940,364176.0,Total Sonora,poblacion_total,nacional
2020,73.1296315094914,Magdalena,viviendas_con_automovil,nacional
2005,134153.0,Guaymas,poblacion_total,nacional
2005,4644.0,Carbo,poblacion_total,nacional
2010,97.38,Nacozari de Garcia,porcentaje_alfabetas,nacional
2005,364.0,Trincheras,poblacion_asiste_escuela,nacional
2011/04,279299.0,,estatal_sector_informal,estatal
2000,1649.0,Soyopa,poblacion_total,nacional
2020,15.1138716356108,Arizpe,viviendas_con_internet,nacional
2015,97.1408887357905,Fronteras,porcentaje_alfabetas,nacional
2013/04,75425.0,,estatal_poblacion_desocupada,estatal
2005,7.6,Granados,grado_promedio_escolaridad,nacional
2020,64.7410358565737,Nacori Chico,viviendas_con_automovil,nacional
2020,9.5,San Felipe de Jesus,grado_promedio_escolaridad,nacional
2000/02,75.308473509129,,estatal_itaee,estatal
2010,88.13,San Miguel de Horcasitas,porcentaje_alfabetas,nacional
2005,2452.0,Aconchi,poblacion_total,nacional
2005,6.1,Rosario,grado_promedio_escolaridad,nacional
2010,225632.0,Hermosillo,poblacion_asiste_escuela,nacional
2020,1221.0,Bacerac,poblacion_total,nacional
2020,9.11020629750271,Benjamin Hill,grado_promedio_escolaridad,nacional
2000,92.9936305732484,Soyopa,porcentaje_alfabetas,nacional
2015,17.511371,Bacum,viviendas_con_internet,nacional
1995,7134.0,Altar,poblacion_total,nacional
2015,8.3872,Huepac,grado_promedio_escolaridad,nacional
2020,50.2335025380711,Empalme,viviendas_con_internet,nacional
2006/01,1023438.0,,estatal_pea,estatal
2015,97.7284934592393,Agua Prieta,porcentaje_alfabetas,nacional
2010,7.71,San Ignacio Rio Muerto,grado_promedio_escolaridad,nacional
2005,52780.0,Nogales,poblacion_asiste_escuela,nacional
1995,,Atil,poblacion_asiste_escuela,nacional
2005,11961.0,Nacozari de Garcia,poblacion_total,nacional
2000,487.0,Nacori Chico,poblacion_asiste_escuela,nacional
2005,612.0,Aconchi,total_viviendas_habitadas,nacional
2005,1406.0,Cumpas,poblacion_asiste_escuela,nacional
2020,9.35238095238095,Banamichi,grado_promedio_escolaridad,nacional
2000,94.8100120627262,Empalme,porcentaje_alfabetas,nacional
2012/01,104195.0,,estatal_ingresos_hasta_1_salmin,estatal
2005,409.0,Oquitoa,poblacion_total,nacional
2010,7849.0,Magdalena,total_viviendas_habitadas,nacional
2020,10.1140274949084,Guaymas,grado_promedio_escolaridad,nacional
1995,,Santa Ana,poblacion_asiste_escuela,nacional
2000,5.7,Cucurpe,grado_promedio_escolaridad,nacional
1987/02,41.62234228215,,estatal_itaee,estatal
2020,97.8426395939086,Granados,porcentaje_alfabetas,nacional
2013/03,272410.0,,estatal_sector_informal,estatal
2000,909292.0,,estatal_con_educacion_basica,estatal
2010,6.95,Rayon,grado_promedio_escolaridad,nacional
1995,,Huatabampo,poblacion_asiste_escuela,nacional
2020,63.5983263598326,Soyopa,viviendas_con_automovil,nacional
2020,1523.0,Yecora,total_viviendas_habitadas,nacional
2019/02,100.643373671676,,estatal_itaee,estatal
1985/03,43.17253680268,,estatal_itaee,estatal
2015,54809.0,San Luis Rio Colorado,total_viviendas_habitadas,nacional
2000,371.0,Tepache,poblacion_asiste_escuela,nacional
2022/03,54732.0,,estatal_poblacion_desocupada,estatal
1995,,Puerto Peñasco,poblacion_asiste_escuela,nacional
2015,12.427184,Baviacora,viviendas_con_internet,nacional
2000,97.1170774647887,Santa Ana,porcentaje_alfabetas,nacional
2015,9.222916,Agua Prieta,grado_promedio_escolaridad,nacional
2020,28.8461538461538,Oquitoa,viviendas_con_internet,nacional
1995,4439.0,San Miguel de Horcasitas,poblacion_total,nacional
2010,193.0,Cucurpe,poblacion_asiste_escuela,nacional
2015,8.4697311,Imuris,grado_promedio_escolaridad,nacional
2005,20892.0,Bacum,poblacion_total,nacional
2017/02,51106.0,,estatal_poblacion_desocupada,estatal
2006/01,202371.0,,estatal_sector_informal,estatal
1995,,Carbo,grado_promedio_escolaridad,nacional
2010,1350.0,Mazatan,poblacion_total,nacional
2000,76296.0,Huatabampo,poblacion_total,nacional
2009/04,81761.0,,estatal_ingresos_hasta_1_salmin,estatal
2000,96.7045949138842,Magdalena,porcentaje_alfabetas,nacional
2016/01,66818.0,,estatal_poblacion_desocupada,estatal
2011/02,65844.0,,estatal_poblacion_desocupada,estatal
2005,6.0,Onavas,grado_promedio_escolaridad,nacional
2016/03,76081.0,,estatal_poblacion_desocupada,estatal
2015,9.0236045,Huatabampo,grado_promedio_escolaridad,nacional
2020,342.0,Granados,total_viviendas_habitadas,nacional
2020,58.5786802030457,Santa Ana,viviendas_con_internet,nacional
2000,24447.0,Magdalena,poblacion_total,nacional
2000,96.9603524229075,Nacozari de Garcia,porcentaje_alfabetas,nacional
1995,2080.0,Imuris,total_viviendas_habitadas,nacional
2010,409310.0,Cajeme,poblacion_total,nacional
2008/04,60751.0,,estatal_ingresos_hasta_1_salmin,estatal
2020,95.9576515880654,Trincheras,porcentaje_alfabetas,nacional
1995,,Cajeme,poblacion_asiste_escuela,nacional
2005,144598.0,Navojoa,poblacion_total,nacional
2005,1313.0,Moctezuma,poblacion_asiste_escuela,nacional
2010,60717.0,Etchojoa,poblacion_total,nacional
1995,2399.0,Ures,total_viviendas_habitadas,nacional
2021/04,98.256084572165,,estatal_itaee,estatal
2003,6.2920632217578,,nacional_gasto_educacion_pib,nacional
2005,41973.0,Navojoa,poblacion_asiste_escuela,nacional
2005,6.7,Tepache,grado_promedio_escolaridad,nacional
2010,3356.0,Quiriego,poblacion_total,nacional
2005,7.3,Baviacora,grado_promedio_escolaridad,nacional
2020,33.8056680161943,Villa Hidalgo,viviendas_con_internet,nacional
2020/04,283918.0,,estatal_sector_informal,estatal
2005,333.0,Mazatan,poblacion_asiste_escuela,nacional
2017/04,49037.0,,estatal_poblacion_desocupada,estatal
1995,866.0,Baviacora,total_viviendas_habitadas,nacional
1995,349.0,Bavispe,total_viviendas_habitadas,nacional
2010,54131.0,Empalme,poblacion_total,nacional
2020,96.0850111856823,Arivechi,porcentaje_alfabetas,nacional
2000,596.0,Saric,total_viviendas_habitadas,nacional
2020,96.437054631829,Altar,porcentaje_alfabetas,nacional
2013/04,299069.0,,estatal_sector_informal,estatal
2000,94.6554149085795,Imuris,porcentaje_alfabetas,nacional
2015,96.759941089838,Huasabas,porcentaje_alfabetas,nacional
2010,2362.0,Altar,poblacion_asiste_escuela,nacional
2015,113.0,Oquitoa,total_viviendas_habitadas,nacional
2015,1315.0,Carbo,total_viviendas_habitadas,nacional
2000,6.4,San Ignacio Rio Muerto,grado_promedio_escolaridad,nacional
2000,346.0,San Pedro de la Cueva,poblacion_asiste_escuela,nacional
2010,7.72,Villa Pesqueira,grado_promedio_escolaridad,nacional
2005/02,31224.0,,estatal_poblacion_desocupada,estatal
1995,,Magdalena,poblacion_asiste_escuela,nacional
2015,871.0,Quiriego,total_viviendas_habitadas,nacional
2005,392.0,Onavas,poblacion_total,nacional
2022/02,276664.0,,estatal_sector_informal,estatal
2015/02,1333841.0,,estatal_pea,estatal
2007/04,224753.0,,estatal_sector_informal,estatal
2015,97.5296442687747,Bavispe,porcentaje_alfabetas,nacional
2010,527.0,Rayon,total_viviendas_habitadas,nacional
2023/01,103.665494790414,,estatal_itaee,estatal
2000,95.0819672131148,Bacerac,porcentaje_alfabetas,nacional
1995,501.0,Onavas,poblacion_total,nacional
2018/03,57843.0,,estatal_poblacion_desocupada,estatal
2020,565.0,Banamichi,total_viviendas_habitadas,nacional
2015/03,64384.0,,estatal_poblacion_desocupada,estatal
2025/02,297981.0,,estatal_sector_informal,estatal
2005,217.0,Huasabas,poblacion_asiste_escuela,nacional
1998/04,67.233424350533,,estatal_itaee,estatal
1995,1660.0,Cumpas,total_viviendas_habitadas,nacional
1994/04,57.089981546231,,estatal_itaee,estatal
2020,10.3092423234453,Navojoa,grado_promedio_escolaridad,nacional
2010,93.08,Bacum,porcentaje_alfabetas,nacional
2015,2.293578,Bavispe,viviendas_con_internet,nacional
2005,118.0,Onavas,total_viviendas_habitadas,nacional
2020,98.3485333990633,Naco,porcentaje_alfabetas,nacional
2020,876333.0,Total Sonora,total_viviendas_habitadas,nacional
2000,93.7719298245614,Rayon,porcentaje_alfabetas,nacional
1995,1237.0,Bacanora,poblacion_total,nacional
1996/02,55.8591702365,,estatal_itaee,estatal
2010,63348.0,Nogales,poblacion_asiste_escuela,nacional
2020,49.1304347826087,Pitiquito,viviendas_con_internet,nacional
2005,2155.0,Ures,poblacion_asiste_escuela,nacional
2015,8.0,Sahuaripa,grado_promedio_escolaridad,nacional
2010,20823.0,Caborca,poblacion_asiste_escuela,nacional
2020,97.5947521865889,Banamichi,porcentaje_alfabetas,nacional
2020,65.8695652173913,Pitiquito,viviendas_con_automovil,nacional
2015,30.753647,Altar,viviendas_con_internet,nacional
2020,26.5799256505576,Rayon,viviendas_con_internet,nacional
2020,134.0,Atil,poblacion_asiste_escuela,nacional
2005/03,68303.0,,estatal_ingresos_hasta_1_salmin,estatal
2020,89.8591930679664,San Miguel de Horcasitas,porcentaje_alfabetas,nacional
2015,6.6135734,Nacori Chico,grado_promedio_escolaridad,nacional
2020,29.289303661163,Carbo,viviendas_con_internet,nacional
2005,3049.0,Quiriego,poblacion_total,nacional
2020,98.1731044935076,Magdalena,porcentaje_alfabetas,nacional
2016/04,56230.0,,estatal_poblacion_desocupada,estatal
2000,7.5,Fronteras,grado_promedio_escolaridad,nacional
2015,8.0044943,Arivechi,grado_promedio_escolaridad,nacional
2005,95.0,Onavas,poblacion_asiste_escuela,nacional
2013/04,90.650943227361,,estatal_itaee,estatal
1995,,Total Sonora,poblacion_asiste_escuela,nacional
2010,94.04,Trincheras,porcentaje_alfabetas,nacional
1995,,Moctezuma,poblacion_asiste_escuela,nacional
2015,7.7958708,Carbo,grado_promedio_escolaridad,nacional
2003/02,65.529992396362,,estatal_itaee,estatal
2015,10.3533952,Nogales,grado_promedio_escolaridad,nacional
2015,94.2832014072119,Rayon,porcentaje_alfabetas,nacional
2015,405.0,Tepache,total_viviendas_habitadas,nacional
2015,38.540385,Fronteras,viviendas_con_internet,nacional
2010,97.4,Hermosillo,porcentaje_alfabetas,nacional
2019/01,226639.0,,estatal_ingresos_hasta_1_salmin,estatal
1995,,Suaqui Grande,grado_promedio_escolaridad,nacional
1995,1662.0,Sahuaripa,total_viviendas_habitadas,nacional
2014/03,87554.0,,estatal_poblacion_desocupada,estatal
2010,202.0,Soyopa,poblacion_asiste_escuela,nacional
2000,8.8,Cananea,grado_promedio_escolaridad,nacional
2015,0.0,General Plutarco Elias Calles,porcentaje_alfabetas,nacional
2010,551.0,Santa Cruz,total_viviendas_habitadas,nacional
1995,,Bacoachi,grado_promedio_escolaridad,nacional
2009/03,243742.0,,estatal_sector_informal,estatal
1995,499.0,Villa Hidalgo,total_viviendas_habitadas,nacional
2020,96.9905417024935,Bacoachi,porcentaje_alfabetas,nacional
2007/04,27433.0,,estatal_poblacion_desocupada,estatal
1995,,Saric,grado_promedio_escolaridad,nacional
2007/02,77.705731387179,,estatal_itaee,estatal
2015,42.899877,Puerto Peñasco,viviendas_con_internet,nacional
2015,174.0,Atil,total_viviendas_habitadas,nacional
2009/02,72.961933078057,,estatal_itaee,estatal
2016/04,258280.0,,estatal_sector_informal,estatal
2020,9.59373124200746,Empalme,grado_promedio_escolaridad,nacional
2014,26.7,,estatal_rezago_educativo,estatal
1995,136162.0,Navojoa,poblacion_total,nacional
2000,159787.0,Nogales,poblacion_total,nacional
1995,,Bacum,grado_promedio_escolaridad,nacional
2010,95.87,Opodepe,porcentaje_alfabetas,nacional
